Project,FilePath,Dependency,SizeOriginal
tablesaw_json,results/tablesaw_json/original/compile-scope-dependencies/dependency/commons-lang3-3.9.jar,commons-lang3-3.9.jar,492.0
tablesaw_json,results/tablesaw_json/original/compile-scope-dependencies/dependency/commons-text-1.8.jar,commons-text-1.8.jar,202.0
tablesaw_json,results/tablesaw_json/original/compile-scope-dependencies/dependency/json-flattener-0.8.1.jar,json-flattener-0.8.1.jar,28.0
tablesaw_json,results/tablesaw_json/original/compile-scope-dependencies/dependency/jackson-core-2.13.2.jar,jackson-core-2.13.2.jar,365.0
tablesaw_json,results/tablesaw_json/original/compile-scope-dependencies/dependency/minimal-json-0.9.5.jar,minimal-json-0.9.5.jar,33.0
tablesaw_json,results/tablesaw_json/original/compile-scope-dependencies/dependency/json-base-1.0.0.jar,json-base-1.0.0.jar,21.0
tablesaw_json,results/tablesaw_json/original/compile-scope-dependencies/dependency/jackson-databind-2.13.2.1.jar,jackson-databind-2.13.2.1.jar,1499.0
tablesaw_json,results/tablesaw_json/original/compile-scope-dependencies/dependency/jackson-datatype-jsr310-2.13.2.jar,jackson-datatype-jsr310-2.13.2.jar,118.0
tablesaw_json,results/tablesaw_json/original/compile-scope-dependencies/dependency/jackson-annotations-2.13.2.jar,jackson-annotations-2.13.2.jar,73.0
commons-validator,results/commons-validator/original/compile-scope-dependencies/dependency/commons-logging-1.2.jar,commons-logging-1.2.jar,60.0
commons-validator,results/commons-validator/original/compile-scope-dependencies/dependency/commons-collections-3.2.2.jar,commons-collections-3.2.2.jar,574.0
commons-validator,results/commons-validator/original/compile-scope-dependencies/dependency/commons-beanutils-1.9.4.jar,commons-beanutils-1.9.4.jar,241.0
commons-validator,results/commons-validator/original/compile-scope-dependencies/dependency/commons-digester-2.1.jar,commons-digester-2.1.jar,192.0
checkstyle,results/checkstyle/original/compile-scope-dependencies/dependency/commons-logging-1.2.jar,commons-logging-1.2.jar,60.0
checkstyle,results/checkstyle/original/compile-scope-dependencies/dependency/Saxon-HE-11.4.jar,Saxon-HE-11.4.jar,4990.0
checkstyle,results/checkstyle/original/compile-scope-dependencies/dependency/slf4j-api-1.7.32.jar,slf4j-api-1.7.32.jar,40.0
checkstyle,results/checkstyle/original/compile-scope-dependencies/dependency/picocli-4.7.0.jar,picocli-4.7.0.jar,403.0
checkstyle,results/checkstyle/original/compile-scope-dependencies/dependency/javassist-3.28.0-GA.jar,javassist-3.28.0-GA.jar,831.0
checkstyle,results/checkstyle/original/compile-scope-dependencies/dependency/error_prone_annotations-2.11.0.jar,error_prone_annotations-2.11.0.jar,15.0
checkstyle,results/checkstyle/original/compile-scope-dependencies/dependency/reflections-0.10.2.jar,reflections-0.10.2.jar,127.0
checkstyle,results/checkstyle/original/compile-scope-dependencies/dependency/failureaccess-1.0.1.jar,failureaccess-1.0.1.jar,4.0
checkstyle,results/checkstyle/original/compile-scope-dependencies/dependency/listenablefuture-9999.0-empty-to-avoid-conflict-with-guava.jar,listenablefuture-9999.0-empty-to-avoid-conflict-with-guava.jar,2.0
checkstyle,results/checkstyle/original/compile-scope-dependencies/dependency/commons-collections-3.2.2.jar,commons-collections-3.2.2.jar,574.0
checkstyle,results/checkstyle/original/compile-scope-dependencies/dependency/commons-codec-1.15.jar,commons-codec-1.15.jar,345.0
checkstyle,results/checkstyle/original/compile-scope-dependencies/dependency/httpcore5-5.1.3.jar,httpcore5-5.1.3.jar,830.0
checkstyle,results/checkstyle/original/compile-scope-dependencies/dependency/xmlresolver-4.4.3-data.jar,xmlresolver-4.4.3-data.jar,1003.0
checkstyle,results/checkstyle/original/compile-scope-dependencies/dependency/xmlresolver-4.4.3.jar,xmlresolver-4.4.3.jar,149.0
checkstyle,results/checkstyle/original/compile-scope-dependencies/dependency/j2objc-annotations-1.3.jar,j2objc-annotations-1.3.jar,8.0
checkstyle,results/checkstyle/original/compile-scope-dependencies/dependency/commons-beanutils-1.9.4.jar,commons-beanutils-1.9.4.jar,241.0
checkstyle,results/checkstyle/original/compile-scope-dependencies/dependency/httpclient5-5.1.3.jar,httpclient5-5.1.3.jar,779.0
checkstyle,results/checkstyle/original/compile-scope-dependencies/dependency/guava-31.1-jre.jar,guava-31.1-jre.jar,2890.0
checkstyle,results/checkstyle/original/compile-scope-dependencies/dependency/jsr305-3.0.2.jar,jsr305-3.0.2.jar,19.0
checkstyle,results/checkstyle/original/compile-scope-dependencies/dependency/checker-qual-3.27.0.jar,checker-qual-3.27.0.jar,218.0
checkstyle,results/checkstyle/original/compile-scope-dependencies/dependency/antlr4-runtime-4.11.1.jar,antlr4-runtime-4.11.1.jar,316.0
checkstyle,results/checkstyle/original/compile-scope-dependencies/dependency/httpcore5-h2-5.1.3.jar,httpcore5-h2-5.1.3.jar,226.0
jooby_jooby,results/jooby_jooby/original/compile-scope-dependencies/dependency/slf4j-api-1.7.36.jar,slf4j-api-1.7.36.jar,40.0
jooby_jooby,results/jooby_jooby/original/compile-scope-dependencies/dependency/commons-io-2.11.0.jar,commons-io-2.11.0.jar,319.0
jooby_jooby,results/jooby_jooby/original/compile-scope-dependencies/dependency/asm-analysis-9.3.jar,asm-analysis-9.3.jar,33.0
jooby_jooby,results/jooby_jooby/original/compile-scope-dependencies/dependency/config-1.4.2.jar,config-1.4.2.jar,288.0
jooby_jooby,results/jooby_jooby/original/compile-scope-dependencies/dependency/asm-tree-9.3.jar,asm-tree-9.3.jar,51.0
jooby_jooby,results/jooby_jooby/original/compile-scope-dependencies/dependency/kotlinx-coroutines-core-1.6.2.jar,kotlinx-coroutines-core-1.6.2.jar,165.0
jooby_jooby,results/jooby_jooby/original/compile-scope-dependencies/dependency/annotations-13.0.jar,annotations-13.0.jar,17.0
jooby_jooby,results/jooby_jooby/original/compile-scope-dependencies/dependency/asm-9.3.jar,asm-9.3.jar,119.0
jooby_jooby,results/jooby_jooby/original/compile-scope-dependencies/dependency/kotlin-reflect-1.6.21.jar,kotlin-reflect-1.6.21.jar,2987.0
jooby_jooby,results/jooby_jooby/original/compile-scope-dependencies/dependency/kotlinx-coroutines-core-jvm-1.6.2.jar,kotlinx-coroutines-core-jvm-1.6.2.jar,1441.0
jooby_jooby,results/jooby_jooby/original/compile-scope-dependencies/dependency/kotlin-stdlib-common-1.6.21.jar,kotlin-stdlib-common-1.6.21.jar,195.0
jooby_jooby,results/jooby_jooby/original/compile-scope-dependencies/dependency/reactive-streams-1.0.3.jar,reactive-streams-1.0.3.jar,11.0
jooby_jooby,results/jooby_jooby/original/compile-scope-dependencies/dependency/rxjava-2.2.21.jar,rxjava-2.2.21.jar,2301.0
jooby_jooby,results/jooby_jooby/original/compile-scope-dependencies/dependency/kotlin-stdlib-1.6.21.jar,kotlin-stdlib-1.6.21.jar,1474.0
jooby_jooby,results/jooby_jooby/original/compile-scope-dependencies/dependency/reactor-core-3.4.18.jar,reactor-core-3.4.18.jar,1657.0
jooby_jooby,results/jooby_jooby/original/compile-scope-dependencies/dependency/bucket4j-core-6.4.1.jar,bucket4j-core-6.4.1.jar,118.0
jooby_jooby,results/jooby_jooby/original/compile-scope-dependencies/dependency/kotlin-stdlib-jdk8-1.6.21.jar,kotlin-stdlib-jdk8-1.6.21.jar,17.0
jooby_jooby,results/jooby_jooby/original/compile-scope-dependencies/dependency/asm-util-9.3.jar,asm-util-9.3.jar,83.0
jooby_jooby,results/jooby_jooby/original/compile-scope-dependencies/dependency/unbescape-1.1.6.RELEASE.jar,unbescape-1.1.6.RELEASE.jar,169.0
jooby_jooby,results/jooby_jooby/original/compile-scope-dependencies/dependency/jsr305-3.0.2.jar,jsr305-3.0.2.jar,19.0
jooby_jooby,results/jooby_jooby/original/compile-scope-dependencies/dependency/kotlin-stdlib-jdk7-1.6.21.jar,kotlin-stdlib-jdk7-1.6.21.jar,23.0
jooby_jooby,results/jooby_jooby/original/compile-scope-dependencies/dependency/javax.inject-1.jar,javax.inject-1.jar,2.0
flink,results/flink/flink-java/original/compile-scope-dependencies/dependency/flink-shaded-guava-30.1.1-jre-15.0.jar,flink-shaded-guava-30.1.1-jre-15.0.jar,3012.0
flink,results/flink/flink-java/original/compile-scope-dependencies/dependency/flink-shaded-asm-9-9.2-15.0.jar,flink-shaded-asm-9-9.2-15.0.jar,288.0
flink,results/flink/flink-java/original/compile-scope-dependencies/dependency/jsr305-1.3.9.jar,jsr305-1.3.9.jar,32.0
flink,results/flink/flink-java/original/compile-scope-dependencies/dependency/minlog-1.2.jar,minlog-1.2.jar,4.0
flink,results/flink/flink-java/original/compile-scope-dependencies/dependency/slf4j-api-1.7.32.jar,slf4j-api-1.7.32.jar,40.0
flink,results/flink/flink-java/original/compile-scope-dependencies/dependency/flink-shaded-force-shading-15.0.jar,flink-shaded-force-shading-15.0.jar,6.0
flink,results/flink/flink-java/original/compile-scope-dependencies/dependency/chill-java-0.7.6.jar,chill-java-0.7.6.jar,58.0
flink,results/flink/flink-java/original/compile-scope-dependencies/dependency/objenesis-2.1.jar,objenesis-2.1.jar,40.0
flink,results/flink/flink-java/original/compile-scope-dependencies/dependency/commons-lang3-3.3.2.jar,commons-lang3-3.3.2.jar,403.0
flink,results/flink/flink-java/original/compile-scope-dependencies/dependency/flink-annotations-1.15.3.jar,flink-annotations-1.15.3.jar,16.0
flink,results/flink/flink-java/original/compile-scope-dependencies/dependency/commons-compress-1.21.jar,commons-compress-1.21.jar,994.0
flink,results/flink/flink-java/original/compile-scope-dependencies/dependency/commons-math3-3.6.1.jar,commons-math3-3.6.1.jar,2161.0
flink,results/flink/flink-java/original/compile-scope-dependencies/dependency/flink-core-1.15.3.jar,flink-core-1.15.3.jar,1764.0
flink,results/flink/flink-java/original/compile-scope-dependencies/dependency/commons-collections-3.2.2.jar,commons-collections-3.2.2.jar,574.0
flink,results/flink/flink-java/original/compile-scope-dependencies/dependency/flink-metrics-core-1.15.3.jar,flink-metrics-core-1.15.3.jar,26.0
flink,results/flink/flink-java/original/compile-scope-dependencies/dependency/kryo-2.24.0.jar,kryo-2.24.0.jar,331.0
mybatis-3,results/mybatis-3/original/compile-scope-dependencies/dependency/javassist-3.29.2-GA.jar,javassist-3.29.2-GA.jar,775.0
mybatis-3,results/mybatis-3/original/compile-scope-dependencies/dependency/commons-logging-1.2.jar,commons-logging-1.2.jar,60.0
mybatis-3,results/mybatis-3/original/compile-scope-dependencies/dependency/reload4j-1.2.22.jar,reload4j-1.2.22.jar,324.0
mybatis-3,results/mybatis-3/original/compile-scope-dependencies/dependency/slf4j-api-2.0.1.jar,slf4j-api-2.0.1.jar,59.0
mybatis-3,results/mybatis-3/original/compile-scope-dependencies/dependency/asm-7.1.jar,asm-7.1.jar,112.0
mybatis-3,results/mybatis-3/original/compile-scope-dependencies/dependency/cglib-3.3.0.jar,cglib-3.3.0.jar,299.0
mybatis-3,results/mybatis-3/original/compile-scope-dependencies/dependency/log4j-api-2.19.0.jar,log4j-api-2.19.0.jar,310.0
mybatis-3,results/mybatis-3/original/compile-scope-dependencies/dependency/ognl-3.3.4.jar,ognl-3.3.4.jar,258.0
RxRelay,results/RxRelay/original/compile-scope-dependencies/dependency/rxjava-3.0.3.jar,rxjava-3.0.3.jar,2574.0
RxRelay,results/RxRelay/original/compile-scope-dependencies/dependency/reactive-streams-1.0.3.jar,reactive-streams-1.0.3.jar,11.0
woodstox,results/woodstox/original/compile-scope-dependencies/dependency/xsdlib-2013.6.1.jar,xsdlib-2013.6.1.jar,225.0
woodstox,results/woodstox/original/compile-scope-dependencies/dependency/stax2-api-4.2.1.jar,stax2-api-4.2.1.jar,191.0
woodstox,results/woodstox/original/compile-scope-dependencies/dependency/isorelax-20090621.jar,isorelax-20090621.jar,63.0
woodstox,results/woodstox/original/compile-scope-dependencies/dependency/relaxngDatatype-20020414.jar,relaxngDatatype-20020414.jar,18.0
woodstox,results/woodstox/original/compile-scope-dependencies/dependency/msv-core-2013.6.1.jar,msv-core-2013.6.1.jar,682.0
graphhopper_core,results/graphhopper_core/original/compile-scope-dependencies/dependency/hppc-0.8.1.jar,hppc-0.8.1.jar,1131.0
graphhopper_core,results/graphhopper_core/original/compile-scope-dependencies/dependency/jakarta.xml.bind-api-2.3.3.jar,jakarta.xml.bind-api-2.3.3.jar,112.0
graphhopper_core,results/graphhopper_core/original/compile-scope-dependencies/dependency/jackson-core-2.10.5.jar,jackson-core-2.10.5.jar,341.0
graphhopper_core,results/graphhopper_core/original/compile-scope-dependencies/dependency/slf4j-api-1.7.36.jar,slf4j-api-1.7.36.jar,40.0
graphhopper_core,results/graphhopper_core/original/compile-scope-dependencies/dependency/protobuf-java-3.11.4.jar,protobuf-java-3.11.4.jar,1622.0
graphhopper_core,results/graphhopper_core/original/compile-scope-dependencies/dependency/graphhopper-web-api-6.0-SNAPSHOT.jar,graphhopper-web-api-6.0-SNAPSHOT.jar,96.0
graphhopper_core,results/graphhopper_core/original/compile-scope-dependencies/dependency/woodstox-core-6.2.1.jar,woodstox-core-6.2.1.jar,1547.0
graphhopper_core,results/graphhopper_core/original/compile-scope-dependencies/dependency/stax2-api-4.2.1.jar,stax2-api-4.2.1.jar,191.0
graphhopper_core,results/graphhopper_core/original/compile-scope-dependencies/dependency/xmlgraphics-commons-2.7.jar,xmlgraphics-commons-2.7.jar,660.0
graphhopper_core,results/graphhopper_core/original/compile-scope-dependencies/dependency/commons-io-2.7.jar,commons-io-2.7.jar,269.0
graphhopper_core,results/graphhopper_core/original/compile-scope-dependencies/dependency/jakarta.activation-api-1.2.2.jar,jakarta.activation-api-1.2.2.jar,45.0
graphhopper_core,results/graphhopper_core/original/compile-scope-dependencies/dependency/janino-3.1.2.jar,janino-3.1.2.jar,862.0
graphhopper_core,results/graphhopper_core/original/compile-scope-dependencies/dependency/jackson-datatype-jts-0.12-2.5-1.jar,jackson-datatype-jts-0.12-2.5-1.jar,21.0
graphhopper_core,results/graphhopper_core/original/compile-scope-dependencies/dependency/jackson-databind-2.10.5.1.jar,jackson-databind-2.10.5.1.jar,1372.0
graphhopper_core,results/graphhopper_core/original/compile-scope-dependencies/dependency/commons-compiler-3.1.2.jar,commons-compiler-3.1.2.jar,153.0
graphhopper_core,results/graphhopper_core/original/compile-scope-dependencies/dependency/osmosis-osm-binary-0.47.3.jar,osmosis-osm-binary-0.47.3.jar,226.0
graphhopper_core,results/graphhopper_core/original/compile-scope-dependencies/dependency/jackson-annotations-2.10.5.jar,jackson-annotations-2.10.5.jar,66.0
graphhopper_core,results/graphhopper_core/original/compile-scope-dependencies/dependency/jackson-dataformat-xml-2.10.5.jar,jackson-dataformat-xml-2.10.5.jar,106.0
graphhopper_core,results/graphhopper_core/original/compile-scope-dependencies/dependency/jackson-module-jaxb-annotations-2.10.5.jar,jackson-module-jaxb-annotations-2.10.5.jar,34.0
graphhopper_core,results/graphhopper_core/original/compile-scope-dependencies/dependency/jts-core-1.15.1.jar,jts-core-1.15.1.jar,810.0
guice,results/guice/core/original/compile-scope-dependencies/dependency/checker-qual-3.5.0.jar,checker-qual-3.5.0.jar,209.0
guice,results/guice/core/original/compile-scope-dependencies/dependency/aopalliance-1.0.jar,aopalliance-1.0.jar,4.0
guice,results/guice/core/original/compile-scope-dependencies/dependency/failureaccess-1.0.1.jar,failureaccess-1.0.1.jar,4.0
guice,results/guice/core/original/compile-scope-dependencies/dependency/asm-9.2.jar,asm-9.2.jar,119.0
guice,results/guice/core/original/compile-scope-dependencies/dependency/error_prone_annotations-2.3.4.jar,error_prone_annotations-2.3.4.jar,13.0
guice,results/guice/core/original/compile-scope-dependencies/dependency/listenablefuture-9999.0-empty-to-avoid-conflict-with-guava.jar,listenablefuture-9999.0-empty-to-avoid-conflict-with-guava.jar,2.0
guice,results/guice/core/original/compile-scope-dependencies/dependency/guava-30.1-jre.jar,guava-30.1-jre.jar,2795.0
guice,results/guice/core/original/compile-scope-dependencies/dependency/j2objc-annotations-1.3.jar,j2objc-annotations-1.3.jar,8.0
guice,results/guice/core/original/compile-scope-dependencies/dependency/javax.inject-1.jar,javax.inject-1.jar,2.0
guice,results/guice/core/original/compile-scope-dependencies/dependency/jsr305-3.0.1.jar,jsr305-3.0.1.jar,19.0
pdfbox_pdfbox,results/pdfbox_pdfbox/original/compile-scope-dependencies/dependency/fontbox-3.0.0-SNAPSHOT.jar,fontbox-3.0.0-SNAPSHOT.jar,1569.0
pdfbox_pdfbox,results/pdfbox_pdfbox/original/compile-scope-dependencies/dependency/commons-logging-1.2.jar,commons-logging-1.2.jar,60.0
pdfbox_pdfbox,results/pdfbox_pdfbox/original/compile-scope-dependencies/dependency/io-3.0.0-SNAPSHOT.jar,io-3.0.0-SNAPSHOT.jar,41.0
pdfbox_pdfbox,results/pdfbox_pdfbox/original/compile-scope-dependencies/dependency/bcmail-jdk18on-1.72.jar,bcmail-jdk18on-1.72.jar,108.0
pdfbox_pdfbox,results/pdfbox_pdfbox/original/compile-scope-dependencies/dependency/bcutil-jdk18on-1.72.jar,bcutil-jdk18on-1.72.jar,656.0
pdfbox_pdfbox,results/pdfbox_pdfbox/original/compile-scope-dependencies/dependency/bcpkix-jdk18on-1.72.jar,bcpkix-jdk18on-1.72.jar,985.0
pdfbox_pdfbox,results/pdfbox_pdfbox/original/compile-scope-dependencies/dependency/bcprov-jdk18on-1.72.jar,bcprov-jdk18on-1.72.jar,11009.0
jacop,results/jacop/original/compile-scope-dependencies/.DS_Store,.DS_Store,8.0
jacop,results/jacop/original/compile-scope-dependencies/dependency/jansi-1.12.jar,jansi-1.12.jar,148.0
jacop,results/jacop/original/compile-scope-dependencies/dependency/slf4j-log4j12-1.7.24.jar,slf4j-log4j12-1.7.24.jar,11.0
jacop,results/jacop/original/compile-scope-dependencies/dependency/slf4j-api-1.7.24.jar,slf4j-api-1.7.24.jar,40.0
jacop,results/jacop/original/compile-scope-dependencies/dependency/log4j-1.2.17.jar,log4j-1.2.17.jar,478.0
jacop,results/jacop/original/compile-scope-dependencies/dependency/scala-library-2.13.1.jar,scala-library-2.13.1.jar,5586.0
jacop,results/jacop/original/compile-scope-dependencies/dependency/scala-reflect-2.13.1.jar,scala-reflect-2.13.1.jar,3523.0
jacop,results/jacop/original/compile-scope-dependencies/dependency/jline-2.14.6.jar,jline-2.14.6.jar,262.0
jacop,results/jacop/original/compile-scope-dependencies/dependency/mockito-all-1.10.19.jar,mockito-all-1.10.19.jar,1205.0
jacop,results/jacop/original/compile-scope-dependencies/dependency/scala-compiler-2.13.1.jar,scala-compiler-2.13.1.jar,10405.0
Recaf,results/Recaf/original/compile-scope-dependencies/dependency/procyon-core-0.6.0.jar,procyon-core-0.6.0.jar,186.0
Recaf,results/Recaf/original/compile-scope-dependencies/dependency/jline-terminal-jna-3.21.0.jar,jline-terminal-jna-3.21.0.jar,61.0
Recaf,results/Recaf/original/compile-scope-dependencies/dependency/jphantom-1.4.3.jar,jphantom-1.4.3.jar,205.0
Recaf,results/Recaf/original/compile-scope-dependencies/dependency/sac-1.3.jar,sac-1.3.jar,15.0
Recaf,results/Recaf/original/compile-scope-dependencies/dependency/jline-terminal-3.21.0.jar,jline-terminal-3.21.0.jar,223.0
Recaf,results/Recaf/original/compile-scope-dependencies/dependency/commonmark-0.18.2.jar,commonmark-0.18.2.jar,164.0
Recaf,results/Recaf/original/compile-scope-dependencies/dependency/checker-qual-3.12.0.jar,checker-qual-3.12.0.jar,203.0
Recaf,results/Recaf/original/compile-scope-dependencies/dependency/commons-io-2.11.0.jar,commons-io-2.11.0.jar,319.0
Recaf,results/Recaf/original/compile-scope-dependencies/dependency/javassist-3.28.0-GA.jar,javassist-3.28.0-GA.jar,831.0
Recaf,results/Recaf/original/compile-scope-dependencies/dependency/javaparser-core-3.24.2.jar,javaparser-core-3.24.2.jar,1276.0
Recaf,results/Recaf/original/compile-scope-dependencies/dependency/undofx-2.1.0.jar,undofx-2.1.0.jar,27.0
Recaf,results/Recaf/original/compile-scope-dependencies/dependency/slf4j-api-1.7.30.jar,slf4j-api-1.7.30.jar,40.0
Recaf,results/Recaf/original/compile-scope-dependencies/dependency/error_prone_annotations-2.11.0.jar,error_prone_annotations-2.11.0.jar,15.0
Recaf,results/Recaf/original/compile-scope-dependencies/dependency/asm-analysis-9.2.jar,asm-analysis-9.2.jar,33.0
Recaf,results/Recaf/original/compile-scope-dependencies/dependency/jline-reader-3.21.0.jar,jline-reader-3.21.0.jar,167.0
Recaf,results/Recaf/original/compile-scope-dependencies/dependency/SimAnalyzer-1.6.0.jar,SimAnalyzer-1.6.0.jar,70.0
Recaf,results/Recaf/original/compile-scope-dependencies/dependency/jna-5.9.0.jar,jna-5.9.0.jar,1689.0
Recaf,results/Recaf/original/compile-scope-dependencies/dependency/asm-tree-9.2.jar,asm-tree-9.2.jar,51.0
Recaf,results/Recaf/original/compile-scope-dependencies/dependency/reflectasm-1.11.9.jar,reflectasm-1.11.9.jar,70.0
Recaf,results/Recaf/original/compile-scope-dependencies/dependency/failureaccess-1.0.1.jar,failureaccess-1.0.1.jar,4.0
Recaf,results/Recaf/original/compile-scope-dependencies/dependency/reactfx-2.0-M5.jar,reactfx-2.0-M5.jar,418.0
Recaf,results/Recaf/original/compile-scope-dependencies/dependency/plugface-core-0.7.1.jar,plugface-core-0.7.1.jar,27.0
Recaf,results/Recaf/original/compile-scope-dependencies/dependency/jregex-1.2_01.jar,jregex-1.2_01.jar,92.0
Recaf,results/Recaf/original/compile-scope-dependencies/dependency/minimal-json-0.9.5.jar,minimal-json-0.9.5.jar,33.0
Recaf,results/Recaf/original/compile-scope-dependencies/dependency/picocli-4.6.3.jar,picocli-4.6.3.jar,396.0
Recaf,results/Recaf/original/compile-scope-dependencies/dependency/picocli-shell-jline3-4.6.3.jar,picocli-shell-jline3-4.6.3.jar,10.0
Recaf,results/Recaf/original/compile-scope-dependencies/dependency/procyon-compilertools-0.6.0.jar,procyon-compilertools-0.6.0.jar,1669.0
Recaf,results/Recaf/original/compile-scope-dependencies/dependency/asm-9.2.jar,asm-9.2.jar,119.0
Recaf,results/Recaf/original/compile-scope-dependencies/dependency/asm-commons-9.2.jar,asm-commons-9.2.jar,70.0
Recaf,results/Recaf/original/compile-scope-dependencies/dependency/listenablefuture-9999.0-empty-to-avoid-conflict-with-guava.jar,listenablefuture-9999.0-empty-to-avoid-conflict-with-guava.jar,2.0
Recaf,results/Recaf/original/compile-scope-dependencies/dependency/forgeflower-1.5.498.29.jar,forgeflower-1.5.498.29.jar,743.0
Recaf,results/Recaf/original/compile-scope-dependencies/dependency/annotations-3.0.1.jar,annotations-3.0.1.jar,37.0
Recaf,results/Recaf/original/compile-scope-dependencies/dependency/jline-style-3.21.0.jar,jline-style-3.21.0.jar,27.0
Recaf,results/Recaf/original/compile-scope-dependencies/dependency/javaparser-symbol-solver-core-3.24.2.jar,javaparser-symbol-solver-core-3.24.2.jar,482.0
Recaf,results/Recaf/original/compile-scope-dependencies/dependency/commons-codec-1.15.jar,commons-codec-1.15.jar,345.0
Recaf,results/Recaf/original/compile-scope-dependencies/dependency/CAFED00D-1.9.6.jar,CAFED00D-1.9.6.jar,156.0
Recaf,results/Recaf/original/compile-scope-dependencies/dependency/logback-core-1.2.3.jar,logback-core-1.2.3.jar,460.0
Recaf,results/Recaf/original/compile-scope-dependencies/dependency/asm-util-9.2.jar,asm-util-9.2.jar,82.0
Recaf,results/Recaf/original/compile-scope-dependencies/dependency/cfr-0.152.jar,cfr-0.152.jar,2111.0
Recaf,results/Recaf/original/compile-scope-dependencies/dependency/j2objc-annotations-1.3.jar,j2objc-annotations-1.3.jar,8.0
Recaf,results/Recaf/original/compile-scope-dependencies/dependency/logback-classic-1.2.10.jar,logback-classic-1.2.10.jar,228.0
Recaf,results/Recaf/original/compile-scope-dependencies/dependency/flowless-0.6.3.jar,flowless-0.6.3.jar,66.0
Recaf,results/Recaf/original/compile-scope-dependencies/dependency/jline-builtins-3.21.0.jar,jline-builtins-3.21.0.jar,257.0
Recaf,results/Recaf/original/compile-scope-dependencies/dependency/directories-12.jar,directories-12.jar,13.0
Recaf,results/Recaf/original/compile-scope-dependencies/dependency/args4j-2.33.jar,args4j-2.33.jar,151.0
Recaf,results/Recaf/original/compile-scope-dependencies/dependency/jcip-annotations-1.0.jar,jcip-annotations-1.0.jar,2.0
Recaf,results/Recaf/original/compile-scope-dependencies/dependency/guava-31.1-jre.jar,guava-31.1-jre.jar,2890.0
Recaf,results/Recaf/original/compile-scope-dependencies/dependency/jsr305-3.0.2.jar,jsr305-3.0.2.jar,19.0
Recaf,results/Recaf/original/compile-scope-dependencies/dependency/jgrapht-core-1.0.1.jar,jgrapht-core-1.0.1.jar,551.0
Recaf,results/Recaf/original/compile-scope-dependencies/dependency/commons-lang3-3.11.jar,commons-lang3-3.11.jar,564.0
Recaf,results/Recaf/original/compile-scope-dependencies/dependency/jline-3.19.0.jar,jline-3.19.0.jar,963.0
Recaf,results/Recaf/original/compile-scope-dependencies/dependency/jsoup-1.14.3.jar,jsoup-1.14.3.jar,413.0
Recaf,results/Recaf/original/compile-scope-dependencies/dependency/javax.inject-1.jar,javax.inject-1.jar,2.0
Recaf,results/Recaf/original/compile-scope-dependencies/dependency/cssparser-0.9.29.jar,cssparser-0.9.29.jar,402.0
Recaf,results/Recaf/original/compile-scope-dependencies/dependency/richtextfx-0.10.6.jar,richtextfx-0.10.6.jar,290.0
Recaf,results/Recaf/original/compile-scope-dependencies/dependency/wellbehavedfx-0.3.3.jar,wellbehavedfx-0.3.3.jar,58.0
Chronicle-Map,results/Chronicle-Map/original/compile-scope-dependencies/dependency/javapoet-1.13.0.jar,javapoet-1.13.0.jar,103.0
Chronicle-Map,results/Chronicle-Map/original/compile-scope-dependencies/dependency/pax-url-aether-support-2.6.2.jar,pax-url-aether-support-2.6.2.jar,5.0
Chronicle-Map,results/Chronicle-Map/original/compile-scope-dependencies/dependency/jnr-constants-0.10.3.jar,jnr-constants-0.10.3.jar,1542.0
Chronicle-Map,results/Chronicle-Map/original/compile-scope-dependencies/dependency/chronicle-threads-2.23.25.jar,chronicle-threads-2.23.25.jar,96.0
Chronicle-Map,results/Chronicle-Map/original/compile-scope-dependencies/dependency/pax-url-aether-2.6.2.jar,pax-url-aether-2.6.2.jar,3283.0
Chronicle-Map,results/Chronicle-Map/original/compile-scope-dependencies/dependency/jnr-x86asm-1.0.2.jar,jnr-x86asm-1.0.2.jar,214.0
Chronicle-Map,results/Chronicle-Map/original/compile-scope-dependencies/dependency/slf4j-api-1.7.32.jar,slf4j-api-1.7.32.jar,40.0
Chronicle-Map,results/Chronicle-Map/original/compile-scope-dependencies/dependency/chronicle-bytes-2.23.30.jar,chronicle-bytes-2.23.30.jar,434.0
Chronicle-Map,results/Chronicle-Map/original/compile-scope-dependencies/dependency/jnr-a64asm-1.0.0.jar,jnr-a64asm-1.0.0.jar,84.0
Chronicle-Map,results/Chronicle-Map/original/compile-scope-dependencies/dependency/compiler-2.23ea0.jar,compiler-2.23ea0.jar,22.0
Chronicle-Map,results/Chronicle-Map/original/compile-scope-dependencies/dependency/jffi-1.3.9-native.jar,jffi-1.3.9-native.jar,854.0
Chronicle-Map,results/Chronicle-Map/original/compile-scope-dependencies/dependency/asm-analysis-9.2.jar,asm-analysis-9.2.jar,33.0
Chronicle-Map,results/Chronicle-Map/original/compile-scope-dependencies/dependency/jcl-over-slf4j-1.6.6.jar,jcl-over-slf4j-1.6.6.jar,16.0
Chronicle-Map,results/Chronicle-Map/original/compile-scope-dependencies/dependency/maven-resolver-spi-1.3.1.jar,maven-resolver-spi-1.3.1.jar,36.0
Chronicle-Map,results/Chronicle-Map/original/compile-scope-dependencies/dependency/chronicle-algorithms-2.23.4.jar,chronicle-algorithms-2.23.4.jar,136.0
Chronicle-Map,results/Chronicle-Map/original/compile-scope-dependencies/dependency/chronicle-analytics-2.23.2.jar,chronicle-analytics-2.23.2.jar,28.0
Chronicle-Map,results/Chronicle-Map/original/compile-scope-dependencies/dependency/asm-tree-9.2.jar,asm-tree-9.2.jar,51.0
Chronicle-Map,results/Chronicle-Map/original/compile-scope-dependencies/dependency/mxparser-1.2.2.jar,mxparser-1.2.2.jar,28.0
Chronicle-Map,results/Chronicle-Map/original/compile-scope-dependencies/dependency/chronicle-core-2.23.35.jar,chronicle-core-2.23.35.jar,435.0
Chronicle-Map,results/Chronicle-Map/original/compile-scope-dependencies/dependency/asm-9.2.jar,asm-9.2.jar,119.0
Chronicle-Map,results/Chronicle-Map/original/compile-scope-dependencies/dependency/affinity-3.23ea1.jar,affinity-3.23ea1.jar,80.0
Chronicle-Map,results/Chronicle-Map/original/compile-scope-dependencies/dependency/maven-resolver-util-1.3.1.jar,maven-resolver-util-1.3.1.jar,156.0
Chronicle-Map,results/Chronicle-Map/original/compile-scope-dependencies/dependency/asm-commons-9.2.jar,asm-commons-9.2.jar,70.0
Chronicle-Map,results/Chronicle-Map/original/compile-scope-dependencies/dependency/maven-resolver-impl-1.3.1.jar,maven-resolver-impl-1.3.1.jar,177.0
Chronicle-Map,results/Chronicle-Map/original/compile-scope-dependencies/dependency/posix-2.23.1.jar,posix-2.23.1.jar,34.0
Chronicle-Map,results/Chronicle-Map/original/compile-scope-dependencies/dependency/jna-platform-5.5.0.jar,jna-platform-5.5.0.jar,2619.0
Chronicle-Map,results/Chronicle-Map/original/compile-scope-dependencies/dependency/chronicle-wire-2.23.39.jar,chronicle-wire-2.23.39.jar,865.0
Chronicle-Map,results/Chronicle-Map/original/compile-scope-dependencies/dependency/jna-5.5.0.jar,jna-5.5.0.jar,1471.0
Chronicle-Map,results/Chronicle-Map/original/compile-scope-dependencies/dependency/asm-util-9.2.jar,asm-util-9.2.jar,82.0
Chronicle-Map,results/Chronicle-Map/original/compile-scope-dependencies/dependency/xstream-1.4.19.jar,xstream-1.4.19.jar,618.0
Chronicle-Map,results/Chronicle-Map/original/compile-scope-dependencies/dependency/xmlpull-1.1.3.1.jar,xmlpull-1.1.3.1.jar,7.0
Chronicle-Map,results/Chronicle-Map/original/compile-scope-dependencies/dependency/jettison-1.4.1.jar,jettison-1.4.1.jar,86.0
Chronicle-Map,results/Chronicle-Map/original/compile-scope-dependencies/dependency/maven-resolver-api-1.3.1.jar,maven-resolver-api-1.3.1.jar,145.0
Chronicle-Map,results/Chronicle-Map/original/compile-scope-dependencies/dependency/jffi-1.3.9.jar,jffi-1.3.9.jar,150.0
Chronicle-Map,results/Chronicle-Map/original/compile-scope-dependencies/dependency/jnr-ffi-2.2.11.jar,jnr-ffi-2.2.11.jar,707.0
Chronicle-Map,results/Chronicle-Map/original/compile-scope-dependencies/dependency/chronicle-values-2.23.3.jar,chronicle-values-2.23.3.jar,161.0
pf4j,results/pf4j/original/compile-scope-dependencies/dependency/slf4j-api-1.7.30.jar,slf4j-api-1.7.30.jar,40.0
pf4j,results/pf4j/original/compile-scope-dependencies/dependency/asm-9.1.jar,asm-9.1.jar,118.0
pf4j,results/pf4j/original/compile-scope-dependencies/dependency/java-semver-0.9.0.jar,java-semver-0.9.0.jar,45.0
undertow_core,results/undertow_core/original/compile-scope-dependencies/dependency/wildfly-client-config-1.0.1.Final.jar,wildfly-client-config-1.0.1.Final.jar,46.0
undertow_core,results/undertow_core/original/compile-scope-dependencies/dependency/xnio-nio-3.8.7.Final.jar,xnio-nio-3.8.7.Final.jar,108.0
undertow_core,results/undertow_core/original/compile-scope-dependencies/dependency/xnio-api-3.8.7.Final.jar,xnio-api-3.8.7.Final.jar,571.0
undertow_core,results/undertow_core/original/compile-scope-dependencies/dependency/wildfly-common-1.5.4.Final.jar,wildfly-common-1.5.4.Final.jar,277.0
undertow_core,results/undertow_core/original/compile-scope-dependencies/dependency/jboss-logging-3.4.1.Final.jar,jboss-logging-3.4.1.Final.jar,59.0
undertow_core,results/undertow_core/original/compile-scope-dependencies/dependency/jboss-threads-3.1.0.Final.jar,jboss-threads-3.1.0.Final.jar,93.0
httpcomponents-client_httpclient5,results/httpcomponents-client_httpclient5/original/compile-scope-dependencies/dependency/slf4j-api-1.7.36.jar,slf4j-api-1.7.36.jar,40.0
httpcomponents-client_httpclient5,results/httpcomponents-client_httpclient5/original/compile-scope-dependencies/dependency/httpcore5-h2-5.2.jar,httpcore5-h2-5.2.jar,231.0
httpcomponents-client_httpclient5,results/httpcomponents-client_httpclient5/original/compile-scope-dependencies/dependency/conscrypt-openjdk-uber-2.5.2.jar,conscrypt-openjdk-uber-2.5.2.jar,4427.0
httpcomponents-client_httpclient5,results/httpcomponents-client_httpclient5/original/compile-scope-dependencies/dependency/httpcore5-5.2.jar,httpcore5-5.2.jar,832.0
httpcomponents-client_httpclient5,results/httpcomponents-client_httpclient5/original/compile-scope-dependencies/dependency/dec-0.1.2.jar,dec-0.1.2.jar,95.0
jcabi-github,results/jcabi-github/original/compile-scope-dependencies/dependency/commons-logging-1.2.jar,commons-logging-1.2.jar,60.0
jcabi-github,results/jcabi-github/original/compile-scope-dependencies/dependency/aspectjrt-1.9.9.1.jar,aspectjrt-1.9.9.1.jar,122.0
jcabi-github,results/jcabi-github/original/compile-scope-dependencies/dependency/httpcore-4.4.15.jar,httpcore-4.4.15.jar,320.0
jcabi-github,results/jcabi-github/original/compile-scope-dependencies/dependency/jcabi-xml-0.25.3.jar,jcabi-xml-0.25.3.jar,39.0
jcabi-github,results/jcabi-github/original/compile-scope-dependencies/dependency/jersey-core-1.12.jar,jersey-core-1.12.jar,451.0
jcabi-github,results/jcabi-github/original/compile-scope-dependencies/dependency/checker-qual-3.12.0.jar,checker-qual-3.12.0.jar,203.0
jcabi-github,results/jcabi-github/original/compile-scope-dependencies/dependency/commons-io-2.11.0.jar,commons-io-2.11.0.jar,319.0
jcabi-github,results/jcabi-github/original/compile-scope-dependencies/dependency/jcabi-log-0.22.0.jar,jcabi-log-0.22.0.jar,49.0
jcabi-github,results/jcabi-github/original/compile-scope-dependencies/dependency/xembly-0.28.1.jar,xembly-0.28.1.jar,60.0
jcabi-github,results/jcabi-github/original/compile-scope-dependencies/dependency/error_prone_annotations-2.11.0.jar,error_prone_annotations-2.11.0.jar,15.0
jcabi-github,results/jcabi-github/original/compile-scope-dependencies/dependency/failureaccess-1.0.1.jar,failureaccess-1.0.1.jar,4.0
jcabi-github,results/jcabi-github/original/compile-scope-dependencies/dependency/javax.json-1.1.4.jar,javax.json-1.1.4.jar,125.0
jcabi-github,results/jcabi-github/original/compile-scope-dependencies/dependency/cactoos-0.54.0.jar,cactoos-0.54.0.jar,337.0
jcabi-github,results/jcabi-github/original/compile-scope-dependencies/dependency/listenablefuture-9999.0-empty-to-avoid-conflict-with-guava.jar,listenablefuture-9999.0-empty-to-avoid-conflict-with-guava.jar,2.0
jcabi-github,results/jcabi-github/original/compile-scope-dependencies/dependency/jakarta.activation-api-2.1.0.jar,jakarta.activation-api-2.1.0.jar,61.0
jcabi-github,results/jcabi-github/original/compile-scope-dependencies/dependency/jersey-client-1.12.jar,jersey-client-1.12.jar,127.0
jcabi-github,results/jcabi-github/original/compile-scope-dependencies/dependency/jaxb-impl-4.0.0.jar,jaxb-impl-4.0.0.jar,899.0
jcabi-github,results/jcabi-github/original/compile-scope-dependencies/dependency/antlr4-runtime-4.10.1.jar,antlr4-runtime-4.10.1.jar,314.0
jcabi-github,results/jcabi-github/original/compile-scope-dependencies/dependency/angus-activation-1.0.0.jar,angus-activation-1.0.0.jar,20.0
jcabi-github,results/jcabi-github/original/compile-scope-dependencies/dependency/slf4j-api-2.0.0-beta1.jar,slf4j-api-2.0.0-beta1.jar,59.0
jcabi-github,results/jcabi-github/original/compile-scope-dependencies/dependency/j2objc-annotations-1.3.jar,j2objc-annotations-1.3.jar,8.0
jcabi-github,results/jcabi-github/original/compile-scope-dependencies/dependency/jcabi-aspects-0.24.1.jar,jcabi-aspects-0.24.1.jar,78.0
jcabi-github,results/jcabi-github/original/compile-scope-dependencies/dependency/jcabi-http-1.20.1.jar,jcabi-http-1.20.1.jar,116.0
jcabi-github,results/jcabi-github/original/compile-scope-dependencies/dependency/jcabi-immutable-1.5.jar,jcabi-immutable-1.5.jar,22.0
jcabi-github,results/jcabi-github/original/compile-scope-dependencies/dependency/jcabi-manifests-1.2.1.jar,jcabi-manifests-1.2.1.jar,11.0
jcabi-github,results/jcabi-github/original/compile-scope-dependencies/dependency/commons-lang3-3.12.0.jar,commons-lang3-3.12.0.jar,573.0
jcabi-github,results/jcabi-github/original/compile-scope-dependencies/dependency/jaxb-core-4.0.0.jar,jaxb-core-4.0.0.jar,233.0
jcabi-github,results/jcabi-github/original/compile-scope-dependencies/dependency/httpclient-4.5.13.jar,httpclient-4.5.13.jar,762.0
jcabi-github,results/jcabi-github/original/compile-scope-dependencies/dependency/hamcrest-2.2.jar,hamcrest-2.2.jar,120.0
jcabi-github,results/jcabi-github/original/compile-scope-dependencies/dependency/guava-31.1-jre.jar,guava-31.1-jre.jar,2890.0
jcabi-github,results/jcabi-github/original/compile-scope-dependencies/dependency/jsr305-3.0.2.jar,jsr305-3.0.2.jar,19.0
jcabi-github,results/jcabi-github/original/compile-scope-dependencies/dependency/jakarta.xml.bind-api-4.0.0.jar,jakarta.xml.bind-api-4.0.0.jar,124.0
CoreNLP,results/CoreNLP/original/compile-scope-dependencies/dependency/ejml-simple-0.39.jar,ejml-simple-0.39.jar,174.0
CoreNLP,results/CoreNLP/original/compile-scope-dependencies/dependency/xom-1.3.7.jar,xom-1.3.7.jar,318.0
CoreNLP,results/CoreNLP/original/compile-scope-dependencies/dependency/javax.servlet-api-3.0.1.jar,javax.servlet-api-3.0.1.jar,83.0
CoreNLP,results/CoreNLP/original/compile-scope-dependencies/dependency/javax.json-1.0.4.jar,javax.json-1.0.4.jar,83.0
CoreNLP,results/CoreNLP/original/compile-scope-dependencies/dependency/ejml-fsparse-0.39.jar,ejml-fsparse-0.39.jar,68.0
CoreNLP,results/CoreNLP/original/compile-scope-dependencies/dependency/istack-commons-runtime-3.0.7.jar,istack-commons-runtime-3.0.7.jar,24.0
CoreNLP,results/CoreNLP/original/compile-scope-dependencies/dependency/ejml-core-0.39.jar,ejml-core-0.39.jar,194.0
CoreNLP,results/CoreNLP/original/compile-scope-dependencies/dependency/javax.activation-api-1.2.0.jar,javax.activation-api-1.2.0.jar,55.0
CoreNLP,results/CoreNLP/original/compile-scope-dependencies/dependency/lucene-sandbox-7.5.0.jar,lucene-sandbox-7.5.0.jar,258.0
CoreNLP,results/CoreNLP/original/compile-scope-dependencies/dependency/serializer-2.7.2.jar,serializer-2.7.2.jar,269.0
CoreNLP,results/CoreNLP/original/compile-scope-dependencies/dependency/lucene-core-7.5.0.jar,lucene-core-7.5.0.jar,2984.0
CoreNLP,results/CoreNLP/original/compile-scope-dependencies/dependency/AppleJavaExtensions-1.4.jar,AppleJavaExtensions-1.4.jar,11.0
CoreNLP,results/CoreNLP/original/compile-scope-dependencies/dependency/ejml-dsparse-0.39.jar,ejml-dsparse-0.39.jar,69.0
CoreNLP,results/CoreNLP/original/compile-scope-dependencies/dependency/ejml-cdense-0.39.jar,ejml-cdense-0.39.jar,72.0
CoreNLP,results/CoreNLP/original/compile-scope-dependencies/dependency/xercesImpl-2.8.0.jar,xercesImpl-2.8.0.jar,1178.0
CoreNLP,results/CoreNLP/original/compile-scope-dependencies/dependency/ejml-ddense-0.39.jar,ejml-ddense-0.39.jar,327.0
CoreNLP,results/CoreNLP/original/compile-scope-dependencies/dependency/jollyday-0.4.9.jar,jollyday-0.4.9.jar,208.0
CoreNLP,results/CoreNLP/original/compile-scope-dependencies/dependency/xml-apis-1.3.03.jar,xml-apis-1.3.03.jar,190.0
CoreNLP,results/CoreNLP/original/compile-scope-dependencies/dependency/jaxb-impl-2.4.0-b180830.0438.jar,jaxb-impl-2.4.0-b180830.0438.jar,1073.0
CoreNLP,results/CoreNLP/original/compile-scope-dependencies/dependency/commons-lang3-3.3.1.jar,commons-lang3-3.3.1.jar,403.0
CoreNLP,results/CoreNLP/original/compile-scope-dependencies/dependency/json-simple-1.1.1.jar,json-simple-1.1.1.jar,23.0
CoreNLP,results/CoreNLP/original/compile-scope-dependencies/dependency/xalan-2.7.2.jar,xalan-2.7.2.jar,3080.0
CoreNLP,results/CoreNLP/original/compile-scope-dependencies/dependency/lucene-analyzers-common-7.5.0.jar,lucene-analyzers-common-7.5.0.jar,1613.0
CoreNLP,results/CoreNLP/original/compile-scope-dependencies/dependency/jaxb-api-2.4.0-b180830.0359.jar,jaxb-api-2.4.0-b180830.0359.jar,125.0
CoreNLP,results/CoreNLP/original/compile-scope-dependencies/dependency/lucene-queries-7.5.0.jar,lucene-queries-7.5.0.jar,258.0
CoreNLP,results/CoreNLP/original/compile-scope-dependencies/dependency/ejml-fdense-0.39.jar,ejml-fdense-0.39.jar,326.0
CoreNLP,results/CoreNLP/original/compile-scope-dependencies/dependency/lucene-queryparser-7.5.0.jar,lucene-queryparser-7.5.0.jar,372.0
CoreNLP,results/CoreNLP/original/compile-scope-dependencies/dependency/protobuf-java-3.19.2.jar,protobuf-java-3.19.2.jar,1642.0
CoreNLP,results/CoreNLP/original/compile-scope-dependencies/dependency/slf4j-api-1.7.12.jar,slf4j-api-1.7.12.jar,31.0
CoreNLP,results/CoreNLP/original/compile-scope-dependencies/dependency/jsr305-3.0.2.jar,jsr305-3.0.2.jar,19.0
CoreNLP,results/CoreNLP/original/compile-scope-dependencies/dependency/ejml-zdense-0.39.jar,ejml-zdense-0.39.jar,73.0
CoreNLP,results/CoreNLP/original/compile-scope-dependencies/dependency/joda-time-2.10.5.jar,joda-time-2.10.5.jar,627.0
qart4j,results/qart4j/original/compile-scope-dependencies/dependency/slf4j-log4j12-1.7.5.jar,slf4j-log4j12-1.7.5.jar,8.0
qart4j,results/qart4j/original/compile-scope-dependencies/dependency/slf4j-api-1.7.5.jar,slf4j-api-1.7.5.jar,25.0
qart4j,results/qart4j/original/compile-scope-dependencies/dependency/log4j-1.2.17.jar,log4j-1.2.17.jar,478.0
qart4j,results/qart4j/original/compile-scope-dependencies/dependency/core-3.2.0.jar,core-3.2.0.jar,531.0
qart4j,results/qart4j/original/compile-scope-dependencies/dependency/commons-imaging-1.0-SNAPSHOT.jar,commons-imaging-1.0-SNAPSHOT.jar,789.0
qart4j,results/qart4j/original/compile-scope-dependencies/dependency/jopt-simple-4.5.jar,jopt-simple-4.5.jar,59.0
java-faker,results/java-faker/original/compile-scope-dependencies/dependency/snakeyaml-1.26-android.jar,snakeyaml-1.26-android.jar,297.0
java-faker,results/java-faker/original/compile-scope-dependencies/dependency/generex-1.0.2.jar,generex-1.0.2.jar,14.0
java-faker,results/java-faker/original/compile-scope-dependencies/dependency/automaton-1.11-8.jar,automaton-1.11-8.jar,172.0
java-faker,results/java-faker/original/compile-scope-dependencies/dependency/commons-lang3-3.5.jar,commons-lang3-3.5.jar,468.0
tika_tika-core,results/tika_tika-core/original/compile-scope-dependencies/dependency/commons-io-2.11.0.jar,commons-io-2.11.0.jar,319.0
tika_tika-core,results/tika_tika-core/original/compile-scope-dependencies/dependency/slf4j-api-2.0.3.jar,slf4j-api-2.0.3.jar,59.0
